视频,行为,帧
446,0,1158
446,0,1159
446,0,1161
446,0,1162
446,0,1163
446,0,1164
446,0,1169
446,0,1266
446,0,1274
446,0,1275
446,0,1276
446,0,1277
446,0,1278
446,0,4583
446,0,4589
446,0,4590
446,0,4591
446,0,4592
446,0,4593
446,0,4594
446,前中足,5621
446,前中足,5623
446,前中足,5626
446,前中足,5627
446,前中足,5629
446,前中足,5630
446,前中足,5631
446,前中足,5632
446,前中足,5635
446,前中足,5636
446,头部,5695
446,头部,5696
446,头部,5697
446,头部,5698
446,头部,5699
446,头部,5700
446,头部,5701
446,头部,5702
446,前足,5715
446,前足,5716
446,前足,5717
446,前足,5721
446,前足,5722
446,前足,5723
446,头部,5742
446,头部,5743
446,头部,5744
446,头部,5760
446,头部,5761
446,头部,5762
446,头部,5763
446,前足,5896
446,前足,5897
446,前足,5898
446,前足,6213
446,前足,6214
446,前足,6215
446,前足,6216
446,头部,6720
446,头部,6721
446,头部,6722
446,头部,6723
446,头部,6724
446,前中足,6831
446,前中足,6832
446,前中足,6833
446,前中足,6838
446,前中足,6839
446,前中足,6840
446,前中足,6841
